{
  "version": 1,
  "author": "Yash Sharma",
  "editor": "wokwi",
  "parts": [
    {
      "type": "board-esp32-devkit-c-v4",
      "id": "esp",
      "top": 201.6,
      "left": -244.76,
      "attrs": { "env": "micropython-20231227-v1.22.0" }
    },
    {
      "type": "wokwi-lcd1602",
      "id": "lcd1",
      "top": -51.2,
      "left": 15.2,
      "attrs": { "pins": "i2c" }
    },
    { "type": "wokwi-servo", "id": "servo1", "top": 209.2, "left": 96, "attrs": {} },
    {
      "type": "wokwi-hc-sr04",
      "id": "ultrasonic1",
      "top": -459.3,
      "left": 120.7,
      "attrs": { "distance": "2" }
    },
    {
      "type": "wokwi-hc-sr04",
      "id": "ultrasonic2",
      "top": 1.5,
      "left": -848.9,
      "attrs": { "distance": "2" }
    }
  ],
  "connections": [
    [ "esp:TX", "$serialMonitor:RX", "", [] ],
    [ "esp:RX", "$serialMonitor:TX", "", [] ],
    [ "lcd1:SDA", "esp:21", "green", [ "h-67.2", "v29" ] ],
    [ "lcd1:SCL", "esp:22", "green", [ "h0" ] ],
    [ "lcd1:VCC", "esp:5V", "purple", [ "h0" ] ],
    [ "lcd1:GND", "esp:GND.2", "black", [ "h-67.2", "v144", "h-172.8", "v105.6" ] ],
    [ "servo1:GND", "esp:GND.2", "black", [ "h0", "v-201.6", "h-38.4" ] ],
    [ "servo1:V+", "esp:5V", "green", [ "h-28.8", "v38.5", "h-105.6" ] ],
    [ "servo1:PWM", "esp:12", "magenta", [ "h-115.2", "v29" ] ],
    [ "ultrasonic1:GND", "esp:GND.2", "black", [ "v19.2", "h46.8" ] ],
    [ "ultrasonic1:VCC", "esp:5V", "red", [ "v9.6", "h-67.2", "v240" ] ],
    [ "ultrasonic1:TRIG", "esp:15", "green", [ "v28.8", "h-38.8" ] ],
    [ "ultrasonic1:ECHO", "esp:2", "cyan", [ "v28.8", "h-39.2" ] ],
    [ "ultrasonic2:GND", "esp:GND.1", "black", [ "v0" ] ],
    [ "ultrasonic2:VCC", "esp:5V", "red", [ "v0" ] ],
    [ "ultrasonic2:ECHO", "esp:5", "yellow", [ "v0" ] ],
    [ "ultrasonic2:TRIG", "esp:4", "green", [ "v0" ] ]
  ],
  "dependencies": {}
}